{
  "tool": "inplaneG_v5",
  "inputs": {
    "Vf": 0.5,
    "layup": "ar1",
    "target_thickness_mm": null
  },
  "material": {
    "fiber": "T700 12K",
    "matrix": "Epoxy LY1564",
    "Vf": 0.5,
    "E1_ud_GPa": 116.75,
    "E2_ud_GPa": 7.215384615384615,
    "G12_ud_GPa": 3.4536814992450484,
    "nu12_ud": 0.275,
    "t_DB_single_mm": 0.16666666666666666,
    "t_GA_mm": 0.3355555555555555
  },
  "standard_beta0": {
    "D11_Nm": 597.9039970752259,
    "D22_Nm": 597.9039970752259,
    "D66_Nm": 209.76077596354673,
    "D16_Nm": 3.907985046680551e-14,
    "G_xy_GPa": 13.419563504650275,
    "G_eff_GPa": 16.386716513312493,
    "t_total_mm": 5.355555555555555
  },
  "tailored_beta20": {
    "D11_Nm": 601.7037330380108,
    "D22_Nm": 601.7037330380108,
    "D66_Nm": 205.96104000076159,
    "D16_Nm": -4.528348984558569,
    "G_xy_GPa": 15.43747214447941,
    "G_eff_GPa": 16.089877431927615,
    "t_total_mm": 5.355555555555555
  },
  "flutter_input": {
    "D66_conservative_Nm": 205.96104000076159,
    "t_mm": 5.355555555555555,
    "note": "Use tailored D66 (beta=20) \u2014 conservative lower bound"
  }
}